5,45000.0,Spider Man,4/5/2023,10:00
6,45000.0,Spider Man,4/5/2023,10:00
1,45000.0,Spider Man,4/5/2023,10:00
2,45000.0,Spider Man,4/5/2023,10:00
3,45000.0,Spider Man,4/5/2023,10:00
90,45000.0,Spider Man,4/5/2023,10:00
91,45000.0,Spider Man,4/5/2023,10:00
92,45000.0,Spider Man,4/5/2023,10:00
93,45000.0,Spider Man,4/5/2023,10:00
13,45000.0,Spider Man,4/5/2023,10:00
14,45000.0,Spider Man,4/5/2023,10:00
96,45000.0,Spider Man,4/5/2023,10:00
97,45000.0,Spider Man,4/5/2023,10:00
98,45000.0,Spider Man,4/5/2023,10:00
36,45000.0,Spider Man,4/5/2023,10:00
37,45000.0,Spider Man,4/5/2023,10:00
71,45000.0,Spider Man,4/5/2023,10:00
72,45000.0,Spider Man,4/5/2023,10:00
73,45000.0,Spider Man,4/5/2023,10:00
99,45000.0,Spider Man,4/5/2023,10:00
100,45000.0,Spider Man,4/5/2023,10:00
21,45000.0,Spider Man,4/5/2023,10:00
22,45000.0,Spider Man,4/5/2023,10:00
23,45000.0,Spider Man,4/5/2023,10:00
55,45000.0,Spider Man,4/5/2023,10:00
4,45000.0,Spider Man,4/5/2023,10:00
95,45000.0,Spider Man,4/5/2023,10:00
94,45000.0,Spider Man,4/5/2023,10:00
7,45000.0,Spider Man,4/5/2023,10:00
8,45000.0,Spider Man,4/5/2023,10:00
9,45000.0,Spider Man,4/5/2023,10:00
10,45000.0,Spider Man,4/5/2023,10:00
20,45000.0,Spider Man,4/5/2023,10:00
81,45000.0,Spider Man,4/5/2023,10:00
89,45000.0,Spider Man,4/5/2023,10:00
88,45000.0,Spider Man,4/5/2023,10:00
87,45000.0,Spider Man,4/5/2023,10:00
82,45000.0,Spider Man,4/5/2023,10:00
83,45000.0,Spider Man,4/5/2023,10:00
84,45000.0,Spider Man,4/5/2023,10:00
80,45000.0,Spider Man,4/5/2023,10:00
79,45000.0,Spider Man,4/5/2023,10:00
1,45000.0,Spider Man,4/5/2023,14:00
2,45000.0,Spider Man,4/5/2023,14:00
3,45000.0,Spider Man,4/5/2023,14:00
4,45000.0,Spider Man,4/5/2023,14:00
5,45000.0,Spider Man,4/5/2023,14:00
6,45000.0,Spider Man,4/5/2023,14:00
6,45000.0,Spider Man,4/5/2023,14:00
10,45000.0,Spider Man,4/5/2023,14:00
11,45000.0,Spider Man,4/5/2023,14:00
12,45000.0,Spider Man,4/5/2023,14:00
13,45000.0,Spider Man,4/5/2023,14:00
88,45000.0,Spider Man,4/5/2023,14:00
90,45000.0,Spider Man,4/5/2023,14:00
66,45000.0,Spider Man,4/5/2023,14:00
67,45000.0,Spider Man,4/5/2023,14:00
11,45000.0,Spider Man,4/5/2023,10:00
7,45000.0,Spider Man,4/5/2023,14:00
8,45000.0,Spider Man,4/5/2023,14:00
9,45000.0,Spider Man,4/5/2023,14:00
1,45000.0,Lật Mặt 6,5/5/2023,16:00
2,45000.0,Lật Mặt 6,5/5/2023,16:00
3,45000.0,Lật Mặt 6,5/5/2023,16:00
4,45000.0,Lật Mặt 6,5/5/2023,16:00
5,45000.0,Lật Mặt 6,5/5/2023,16:00
6,45000.0,Lật Mặt 6,5/5/2023,16:00
7,45000.0,Lật Mặt 6,5/5/2023,16:00
85,45000.0,Spider Man,4/5/2023,10:00
97,45000.0,Captain America,5/5/2023,20:00
98,45000.0,Captain America,5/5/2023,20:00
99,45000.0,Captain America,5/5/2023,20:00
100,45000.0,Spider Man,4/5/2023,14:00
99,45000.0,Spider Man,4/5/2023,14:00
98,45000.0,Spider Man,4/5/2023,14:00
74,45000.0,Spider Man,4/5/2023,10:00
75,45000.0,Spider Man,4/5/2023,10:00
76,45000.0,Spider Man,4/5/2023,10:00
77,45000.0,Spider Man,4/5/2023,10:00
78,45000.0,Spider Man,4/5/2023,10:00
